Ad Group,Keyword,Campaign,Criterion Type
sofas,buy sofas,SEM_Sofas,Exact
sofas,sofas buy,SEM_Sofas,Exact
covertible sofas,buy covertible sofas,SEM_Sofas,Exact
covertible sofas,covertible sofas buy,SEM_Sofas,Exact
love seats,buy love seats,SEM_Sofas,Exact
love seats,love seats buy,SEM_Sofas,Exact
recliners,buy recliners,SEM_Sofas,Exact
recliners,recliners buy,SEM_Sofas,Exact
sofa beds,buy sofa beds,SEM_Sofas,Exact
sofa beds,sofa beds buy,SEM_Sofas,Exact
sofas,soft sofas,SEM_Sofas,Exact
sofas,sofas soft,SEM_Sofas,Exact
covertible sofas,soft covertible sofas,SEM_Sofas,Exact
covertible sofas,covertible sofas soft,SEM_Sofas,Exact
love seats,soft love seats,SEM_Sofas,Exact
love seats,love seats soft,SEM_Sofas,Exact
recliners,soft recliners,SEM_Sofas,Exact
recliners,recliners soft,SEM_Sofas,Exact
sofa beds,soft sofa beds,SEM_Sofas,Exact
sofa beds,sofa beds soft,SEM_Sofas,Exact
sofas,prices sofas,SEM_Sofas,Exact
sofas,sofas prices,SEM_Sofas,Exact
covertible sofas,prices covertible sofas,SEM_Sofas,Exact
covertible sofas,covertible sofas prices,SEM_Sofas,Exact
love seats,prices love seats,SEM_Sofas,Exact
love seats,love seats prices,SEM_Sofas,Exact
recliners,prices recliners,SEM_Sofas,Exact
recliners,recliners prices,SEM_Sofas,Exact
sofa beds,prices sofa beds,SEM_Sofas,Exact
sofa beds,sofa beds prices,SEM_Sofas,Exact
sofas,cheap sofas,SEM_Sofas,Exact
sofas,sofas cheap,SEM_Sofas,Exact
covertible sofas,cheap covertible sofas,SEM_Sofas,Exact
covertible sofas,covertible sofas cheap,SEM_Sofas,Exact
love seats,cheap love seats,SEM_Sofas,Exact
love seats,love seats cheap,SEM_Sofas,Exact
recliners,cheap recliners,SEM_Sofas,Exact
recliners,recliners cheap,SEM_Sofas,Exact
sofa beds,cheap sofa beds,SEM_Sofas,Exact
sofa beds,sofa beds cheap,SEM_Sofas,Exact
sofas,custom sofas,SEM_Sofas,Exact
sofas,sofas custom,SEM_Sofas,Exact
covertible sofas,custom covertible sofas,SEM_Sofas,Exact
covertible sofas,covertible sofas custom,SEM_Sofas,Exact
love seats,custom love seats,SEM_Sofas,Exact
love seats,love seats custom,SEM_Sofas,Exact
recliners,custom recliners,SEM_Sofas,Exact
recliners,recliners custom,SEM_Sofas,Exact
sofa beds,custom sofa beds,SEM_Sofas,Exact
sofa beds,sofa beds custom,SEM_Sofas,Exact
sofas,expensive sofas,SEM_Sofas,Exact
sofas,sofas expensive,SEM_Sofas,Exact
covertible sofas,expensive covertible sofas,SEM_Sofas,Exact
covertible sofas,covertible sofas expensive,SEM_Sofas,Exact
love seats,expensive love seats,SEM_Sofas,Exact
love seats,love seats expensive,SEM_Sofas,Exact
recliners,expensive recliners,SEM_Sofas,Exact
recliners,recliners expensive,SEM_Sofas,Exact
sofa beds,expensive sofa beds,SEM_Sofas,Exact
sofa beds,sofa beds expensive,SEM_Sofas,Exact